State,Confirmed
Maharashtra,1992683
Karnataka,932432
Andhra Pradesh,886066
Kerala,851195
Tamil Nadu,831323
Delhi,632590
Uttar Pradesh,596904
West Bengal,565661
Odisha,333444
Rajasthan,315394
Chhattisgarh,293972
Telangana,291872
Haryana,266428
Bihar,258883
Gujarat,256367
Madhya Pradesh,251882
Assam,216864
Punjab,170729
Jammu and Kashmir,123425
Jharkhand,117786
